<?xml version="1.0" encoding="UTF-8" ?><EventGhost Name="Configuration Tree" Expanded="True" Version="908" Guid="{93B6BD64-EF4C-470B-BE73-7A66921098C1}" Time="1236293330.14"><Autostart Name="Autostart"><Plugin File="Serial" Identifier="Serial">gAIoSwdNAEtLA0sASwBLAIhYAgAAAFxucQBYBAAAAE5vZG9xAXRxAi4=</Plugin><Plugin File="Timer" Identifier="Timer">gAIpLg==</Plugin><Action Name='Start timer "Donker"'>Timer.TimerAction(u'Donker', 0, 0, 86400.0, u'Donker', False, False, 2, u'18:00:00')</Action><Action Name='Start timer "Slapen"'>Timer.TimerAction(u'Slapen', 0, 0, 86400.0, u'Slapen', False, False, 2, u'23:30:00')</Action><Action Name='Start timer "Licht"'>Timer.TimerAction(u'Licht', 0, 0, 86400.0, u'Licht', False, False, 2, u'07:00:00')</Action><Action>EventGhost.Wait(3.0)</Action><Action Name="CMD_HEX_SERIAL=ON">Serial.Write(u'ff280100\\n')</Action><Action Name="CMD_ECHO_SERIAL=OFF">Serial.Write(u'ff260000\\n')</Action><Action Name="CMD_RECEIVE_REPEAT=3 sec.">Serial.Write(u'ff230BB8\\n')</Action></Autostart><Folder Name="Nodo"><Macro Name="Besturing"><Action Name="CMD_ECHO_SERIAL=OFF">Serial.Write(u'ff260000\\n')</Action><Action Name="CMD_ECHO_SERIAL=ON">Serial.Write(u'ff260100\\n')</Action><Action Name="CMD_HEX_SERIAL=ON">Serial.Write(u'ff280100\\n')</Action><Action Name="CMD_HEX_SERIAL=OFF">Serial.Write(u'ff280000\\n')</Action><Action Name="CMD_STATUS">Serial.Write(u'ff100000\\n')</Action><Action Name="CMD_RECEIVE_REPEAT=OFF">Serial.Write(u'ff230000\\n')</Action><Action Name="CMD_RECEIVE_REPEAT=5 sec.">Serial.Write(u'ff231388\\n')</Action><Action Name="CMD_RECEIVE_REPEAT=3 sec.">Serial.Write(u'ff230BB8\\n')</Action><Action Name="CMD_RECEIVE_REPEAT=2 sec.">Serial.Write(u'ff2307d0\\n')</Action><Action Name="CMD_RECEIVE_REPEAT= 1 sec.">Serial.Write(u'ff2303e8\\n')</Action><Action Name="CMD_RECEIVE_REPEAT= OFF">Serial.Write(u'ff230000\\n')</Action><Action Name="CMD_SEND_IR_REPEATS=1">Serial.Write(u'ff210100\\n')</Action><Action Name="CMD_SEND_IR_REPEATS=5">Serial.Write(u'ff210500\\n')</Action><Action Name="CMD_SEND_IR_REPEATS=10">Serial.Write(u'ff210a00\\n')</Action><Action Name="CMD_SEND_RF_REPEATS=10">Serial.Write(u'ff220A00\\n')</Action><Action Name="CMD_SLEEP=15 sec.">Serial.Write(u'ff00000f\\n')</Action><Action Name="CMD_BEEP_ON_SIGNAL=ON">Serial.Write(u'ff270100\\n')</Action><Action Name="CMD_BEEP_ON_SIGNAL=OFF">Serial.Write(u'ff270000\\n')</Action></Macro><Macro Name="Wired"><Action Name="CMD_WIRED_READ">Serial.Write(u'ff0e0000\\n')</Action><Action Name="CMD_WIRED_HOME=B">Serial.Write(u'ff0d0100\\n')</Action><Action Name="CMD_WIRED_HOME=C">Serial.Write(u'ff0d0200\\n')</Action><Action Name="CMD_WIRED_HOME=P">Serial.Write(u'ff0d0f00\\n')</Action><Action Name="CMD_WIRED_PULLUP=ON">Serial.Write(u'ff240100\\n')</Action><Action Name="CMD_WIRED_PULLUP=OFF">Serial.Write(u'ff240000\\n')</Action><Action Name="Wired Output-1=ON">Serial.Write(u'f0aa082a\\n')</Action><Action Name="Wired Output-1=OFF">Serial.Write(u'f0aa0828\\n')</Action><Action Name="Wired Output-2=ON">Serial.Write(u'f0aa882a\\n')</Action><Action Name="Wired Output-2=OFF">Serial.Write(u'f0aa8828\\n')</Action><Action Name="Wired Output-3=ON">Serial.Write(u'f0aa282a\\n')</Action><Action Name="Wired Output-3=OFF">Serial.Write(u'f0aa2828\\n')</Action><Action Name="Wired Output-4=ON">Serial.Write(u'f0aaa82a\\n')</Action><Action Name="Wired Output-4=OFF">Serial.Write(u'f0aaa828\\n')</Action></Macro><Macro Name="Settings"><Action Name="CMD_SETTINGS_DEFAULT">Serial.Write(u'ff140000\\n')</Action><Action Name="CMD_SETTINGS_SAVE">Serial.Write(u'ff120000\\n')</Action><Action Name="CMD_SETTINGS_LOAD">Serial.Write(u'ff130000\\n')</Action></Macro><Macro Name="Copy"><Action Name="CMD_COPY_IR_TO_RF =ON">Serial.Write(u'ff010100\\n')</Action><Action Name="CMD_COPY_IR_TO_RF =OFF">Serial.Write(u'ff010000\\n')</Action><Action Name="CMD_COPY_SER_TO_RF=ON">Serial.Write(u'ff020100\\n')</Action><Action Name="CMD_COPY_SER_TO_RF=OFF">Serial.Write(u'ff020000\\n')</Action><Action Name="CMD_COPY_WIRED_TO_RF=ON">Serial.Write(u'ff030100\\n')</Action><Action Name="CMD_COPY_WIRED_TO_RF=OFF">Serial.Write(u'ff030000\\n')</Action><Action Name="CMD_COPY_IR_TO_SER=ON">Serial.Write(u'ff040100\\n')</Action><Action Name="CMD_COPY_IR_TO_SER=OFF">Serial.Write(u'ff040000\\n')</Action></Macro><Macro Name="KAKU"><Action Name="Klik-Aan-Klik-Uit commando's">EventGhost.Comment()</Action><Action Name="A1=1">Serial.Write(u'F000002A\\n')</Action><Action Name="A1=0">Serial.Write(u'F0000028\\n')</Action><Action Name="A2=1">Serial.Write(u'F000802A\\n')</Action><Action Name="A2=0">Serial.Write(u'F0008028\\n')</Action><Action Name="A3=1">Serial.Write(u'F000202A\\n')</Action><Action Name="A3=0">Serial.Write(u'F0002028\\n')</Action><Action Name="A4=1">Serial.Write(u'F000A02A\\n')</Action><Action Name="A4=0">Serial.Write(u'F000A028\\n')</Action><Action Name="A5=1">Serial.Write(u'F000082A\\n')</Action><Action Name="A5=0">Serial.Write(u'F0000828\\n')</Action><Action Name="A6=1">Serial.Write(u'F000882A\\n')</Action><Action Name="A6=0">Serial.Write(u'F0008828\\n')</Action><Action Name="A7=1">Serial.Write(u'F000282A\\n')</Action><Action Name="A7=0">Serial.Write(u'F0002828\\n')</Action><Action Name="A8=1">Serial.Write(u'F000A82A\\n')</Action><Action Name="A8=0">Serial.Write(u'F000A828\\n')</Action><Action Name="A9=1">Serial.Write(u'F000022A\\n')</Action><Action Name="A9=0">Serial.Write(u'F0000228\\n')</Action><Action Name="A10=1">Serial.Write(u'F000822A\\n')</Action><Action Name="A10=0">Serial.Write(u'F0008228\\n')</Action><Action Name="A11=1">Serial.Write(u'F000222A\\n')</Action><Action Name="A11=0">Serial.Write(u'F0002228\\n')</Action><Action Name="A12=1">Serial.Write(u'F000A22A\\n')</Action><Action Name="A12=0">Serial.Write(u'F000A228\\n')</Action><Action Name="A13=1">Serial.Write(u'F0000A2A\\n')</Action><Action Name="A13=0">Serial.Write(u'F0000A28\\n')</Action><Action Name="A14=1">Serial.Write(u'F0008A2A\\n')</Action><Action Name="A14=0">Serial.Write(u'F0008A28\\n')</Action><Action Name="A15=1">Serial.Write(u'F0002A2A\\n')</Action><Action Name="A15=0">Serial.Write(u'F0002A28\\n')</Action><Action Name="A16=1">Serial.Write(u'F000AA2A\\n')</Action><Action Name="A16=0">Serial.Write(u'F000AA28\\n')</Action></Macro><Macro Name="Vrij te gebruiken IR codes"><Action Name="leren aan Harmony om vrij te gebruiken">EventGhost.Comment()</Action><Action Name="voor bijvoorbeeld computer taken uit te laten voeren">EventGhost.Comment()</Action><Action Name="Mijn Commando 01">Serial.Write(u'F1000001\\n')</Action><Action Name="Mijn Commando 02">Serial.Write(u'F1000002\\n')</Action><Action Name="Mijn Commando 03">Serial.Write(u'F1000003\\n')</Action><Action Name="Mijn Commando 04">Serial.Write(u'F1000004\\n')</Action><Action Name="Mijn Commando 05">Serial.Write(u'F1000005\\n')</Action><Action Name="Mijn Commando 06">Serial.Write(u'F1000006\\n')</Action><Action Name="Mijn Commando 07">Serial.Write(u'F1000007\\n')</Action><Action Name="Mijn Commando 08">Serial.Write(u'F1000008\\n')</Action><Action Name="Mijn Commando 09">Serial.Write(u'F1000009\\n')</Action><Action Name="Mijn Commando 10">Serial.Write(u'F100000A\\n')</Action><Action Name="Mijn Commando 11">Serial.Write(u'F100000B\\n')</Action><Action Name="Mijn Commando 12">Serial.Write(u'F100000C\\n')</Action><Action Name="Mijn Commando 13">Serial.Write(u'F100000D\\n')</Action><Action Name="Mijn Commando 14">Serial.Write(u'F100000E\\n')</Action><Action Name="Mijn Commando 15">Serial.Write(u'F100000F\\n')</Action><Action Name="Mijn Commando 16">Serial.Write(u'F1000010\\n')</Action><Action Name="Mijn Commando 17">Serial.Write(u'F1000011\\n')</Action><Action Name="Mijn Commando 18">Serial.Write(u'F1000012\\n')</Action><Action Name="Mijn Commando 19">Serial.Write(u'F1000013\\n')</Action><Action Name="Mijn Commando 20">Serial.Write(u'F1000014\\n')</Action><Action Name="Mijn Commando 21">Serial.Write(u'F1000015\\n')</Action><Action Name="Mijn Commando 22">Serial.Write(u'F1000016\\n')</Action><Action Name="Mijn Commando 23">Serial.Write(u'F1000017\\n')</Action><Action Name="Mijn Commando 24">Serial.Write(u'F1000018\\n')</Action><Action Name="Mijn Commando 25">Serial.Write(u'F1000019\\n')</Action><Action Name="Mijn Commando 26">Serial.Write(u'F100001A\\n')</Action><Action Name="Mijn Commando 27">Serial.Write(u'F100001B\\n')</Action><Action Name="Mijn Commando 28">Serial.Write(u'F100001C\\n')</Action><Action Name="Mijn Commando 29">Serial.Write(u'F100001D\\n')</Action><Action Name="Mijn Commando 30">Serial.Write(u'F100001E\\n')</Action><Action Name="Mijn Commando 31">Serial.Write(u'F100001F\\n')</Action><Action Name="Mijn Commando 32">Serial.Write(u'F1000020\\N')</Action></Macro></Folder></EventGhost>